{
    "khủng bố": 0.023540662306580373,
    "tấn công": 0.014867786719945498,
    "trụ sở": 0.011150840039959125,
    "thái lan": 0.007433893359972749,
    "10": 0.007433893359972749,
    "nhằm": 0.006487921193442304,
    "h": 0.006487921193442304,
    "nhóm": 0.005766107638732395,
    "thành viên": 0.005561075308664832,
    "thành lập": 0.004955928906648499,
    "lực lượng": 0.004955928906648499,
    "súng": 0.004955928906648499,
    "chỉ đạo": 0.004937671380384207,
    "cán bộ": 0.004937671380384207,
    "nước ngoài": 0.00463422942388736,
    "huyện": 0.00463422942388736,
    "chuẩn bị": 0.004232289754615035,
    "cơ quan": 0.003932452838845194,
    "hồi": 0.0037352042062506674,
    "9": 0.0037169466799863746,
    "kích động": 0.0037169466799863746,
    "bạo động": 0.0037169466799863746,
    "vũ trang": 0.0037169466799863746,
    "nổ": 0.0037169466799863746,
    "người dân": 0.003201603605357715,
    "kế hoạch": 0.003201603605357715,
    "tài sản": 0.003201603605357715,
    "tổ chức": 0.0030203420964788727,
    ";": 0.0030203420964788727,
    "chúng": 0.00282152650307669,
    "hành vi": 0.00282152650307669,
    "đề nghị": 0.002780537654332416,
    "xác định": 0.002780537654332416,
    "hình ảnh": 0.002780537654332416,
    "thành công": 0.002780537654332416,
    "nhà nước": 0.002752716987191636,
    "2": 0.002752716987191636,
    "thực hiện": 0.002745765542253521,
    "tù": 0.0026680030044647627,
    "6": 0.0026680030044647627,
    "hắn": 0.0024779644533242497,
    "chủ chốt": 0.0024779644533242497,
    "chụp": 0.0024779644533242497,
    "tắt": 0.0024779644533242497,
    "họp": 0.0024779644533242497,
    "chống phá": 0.0024779644533242497,
    "đạn": 0.0024779644533242497,
    "âm mưu": 0.0024779644533242497,
    "chia": 0.0024779644533242497,
    "công an": 0.0021966124338028167,
    "tỉnh": 0.0021344024035718097,
    "chọn": 0.0021344024035718097,
    "trốn": 0.0021161448773075174,
    "thông tin": 0.0021161448773075174,
    "nhân dân": 0.0021161448773075174,
    "gây": 0.001966226419422597,
    "1": 0.001966226419422597,
    "trực tiếp": 0.0018536917695549438,
    "2018": 0.0018536917695549438,
    "tiến hành": 0.0018536917695549438,
    "đòi": 0.0018536917695549438,
    "báo cáo": 0.0018536917695549438,
    "4": 0.0018536917695549438,
    "tập trung": 0.0018536917695549438,
    "phạt": 0.0018536917695549438,
    "cùng": 0.0016474593253521126,
    "tham gia": 0.0016008018026788574,
    "cá nhân": 0.0016008018026788574,
    "bị cáo": 0.0016008018026788574,
    "3": 0.0016008018026788574,
    "tuổi": 0.0015729811355380775,
    "đầu": 0.0015729811355380775,
    "do": 0.0015729811355380775,
    "hậu quả": 0.001410763251538345,
    "15": 0.001410763251538345,
    "phiên": 0.001410763251538345,
    "can thiệp": 0.001410763251538345,
    "thành": 0.001410763251538345,
    "xét xử": 0.001410763251538345,
    "người phát ngôn": 0.0012389822266621249,
    "đối tượng": 0.0012389822266621249,
    "phạm tội": 0.0012389822266621249,
    "hằng": 0.0012389822266621249,
    "2012": 0.0012389822266621249,
    "giao": 0.0012389822266621249,
    "bản án": 0.0012389822266621249,
    "đám": 0.0012389822266621249,
    "đông": 0.0012389822266621249,
    "công lý": 0.0012389822266621249,
    "quê": 0.0012389822266621249,
    "bạo lực": 0.0012389822266621249,
    "biểu tình": 0.0012389822266621249,
    "liên hệ": 0.0012389822266621249,
    "đăng tải": 0.0012389822266621249,
    "thuốc": 0.0012389822266621249,
    "bàn bạc": 0.0012389822266621249,
    "từ bỏ": 0.0012389822266621249,
    "ý định": 0.0012389822266621249,
    "nguồn lực": 0.0012389822266621249,
    "khảo sát": 0.0012389822266621249,
    "ubnd": 0.0012389822266621249,
    "chế tạo": 0.0012389822266621249,
    "hướng dẫn": 0.0012389822266621249,
    "ra lệnh": 0.0012389822266621249,
    "điện thoại": 0.0012389822266621249,
    "quay": 0.0012389822266621249,
    "lá": 0.0012389822266621249,
    "đêm": 0.0012389822266621249,
    "bí thư": 0.0012389822266621249,
    "ủy": 0.0012389822266621249,
    "bị can": 0.0012389822266621249,
    "18": 0.0012389822266621249,
    "hơi": 0.0012389822266621249,
    "chế": 0.0012389822266621249,
    "quả": 0.0012389822266621249,
    "chung thân": 0.0012389822266621249,
    "bộ luật hình sự": 0.0012389822266621249,
    "tuyên": 0.0012389822266621249,
    "tháng": 0.0012024671741335399,
    "bắt": 0.0011797358516535583,
    "kẻ": 0.0011797358516535583,
    "tội": 0.0011797358516535583,
    "pháp luật": 0.0011797358516535583,
    "điều tra": 0.0011797358516535583,
    "gửi": 0.0011797358516535583,
    "nếu": 0.0011797358516535583,
    "đi": 0.0011797358516535583,
    "-": 0.0010983062169014084,
    "chính quyền": 0.0010983062169014084,
    "bà": 0.0010672012017859049,
    "đứng": 0.0010672012017859049,
    "xã hội": 0.0010672012017859049,
    "mua": 0.0010672012017859049,
    "gặp": 0.0010672012017859049,
    "chống": 0.0010672012017859049,
    "án": 0.0010672012017859049,
    "xét": 0.0009268458847774719,
    "nhận thức": 0.0009268458847774719,
    "hạn chế": 0.0009268458847774719,
    "hình sự": 0.0009268458847774719,
    "địa phương": 0.0009268458847774719,
    "nhân vật": 0.0009268458847774719,
    "công nhận": 0.0009268458847774719,
    "tuyên truyền": 0.0009268458847774719,
    "đồng bào": 0.0009268458847774719,
    "2011": 0.0009268458847774719,
    "sức": 0.0009268458847774719,
    "phụ nữ": 0.0009268458847774719,
    "trao đổi": 0.0009268458847774719,
    "tài liệu": 0.0009268458847774719,
    "thông qua": 0.0009268458847774719,
    "mạng": 0.0009268458847774719,
    "ý kiến": 0.0009268458847774719,
    "bàn": 0.0009268458847774719,
    "lật đổ": 0.0009268458847774719,
    "tình hình": 0.0009268458847774719,
    "tối": 0.0009268458847774719,
    "suốt": 0.0009268458847774719,
    "đồng thời": 0.0009268458847774719,
    "sáng": 0.0009268458847774719,
    "chạy": 0.0009268458847774719,
    "ngắn": 0.0009268458847774719,
    "bắt giữ": 0.0009268458847774719,
    "quyết tâm": 0.0009268458847774719,
    "thu": 0.0009268458847774719,
    "giảm": 0.0009268458847774719,
    "tập": 0.0009268458847774719,
    "phương tiện": 0.0009268458847774719,
    "thiết bị": 0.0009268458847774719,
    "khoản": 0.0009268458847774719,
    "45": 0.0009268458847774719,
    "vụ": 0.0008589051243811,
    "sẽ": 0.0008589051243811,
    "ngày": 0.0008589051243811,
    "hoạt động": 0.0008589051243811,
    "quyết định": 0.0007864905677690387,
    "nghiêm trọng": 0.0007864905677690387,
    "tình trạng": 0.0007864905677690387,
    "ngoại giao": 0.0007053816257691725,
    "phù hợp": 0.0007053816257691725,
    "khẳng định": 0.0007053816257691725,
    "khởi tố": 0.0007053816257691725,
    "xấu": 0.0007053816257691725,
    "trách nhiệm": 0.0007053816257691725,
    "quản lý": 0.0007053816257691725,
    "2017": 0.0007053816257691725,
    "khỏe": 0.0007053816257691725,
    "khu": 0.0007053816257691725,
    "núi": 0.0007053816257691725,
    "xin": 0.0007053816257691725,
    "tiến": 0.0007053816257691725,
    "cáo trạng": 0.0007053816257691725,
    "sợ hãi": 0.0007053816257691725,
    "ít": 0.0007053816257691725,
    "đảm bảo": 0.0007053816257691725,
    "bảo vệ": 0.0007053816257691725,
    "chết": 0.0007053816257691725,
    "nặng": 0.0007053816257691725,
    "đường": 0.0007053816257691725,
    "tội phạm": 0.0007053816257691725,
    "mô hình": 0.0007053816257691725,
    "bộ": 0.0005677625939990642,
    "đặc biệt": 0.0005491531084507042,
    "chủ tịch": 0.0005491531084507042,
    "sử dụng": 0.0005491531084507042,
    "thuộc": 0.0005491531084507042,
    "cuộc": 0.0005491531084507042,
    "tòa": 0.0005491531084507042,
    "thời gian": 0.0005491531084507042,
    "tòa án": 0.0005336006008929524,
    "bảo đảm": 0.0005336006008929524,
    "chính sách": 0.0005336006008929524,
    "chung": 0.0005336006008929524,
    "khu vực": 0.0005336006008929524,
    "giữ": 0.0005336006008929524,
    "nhỏ": 0.0005336006008929524,
    "mở rộng": 0.0005336006008929524,
    "khai": 0.0005336006008929524,
    "12": 0.0005336006008929524,